species;clade;family;spec_nr;pop_nr;DPR_orig;DPR_trans;TPR_orig_100;TPR_orig;Latitude;Longitude;Loc_nr;years_nr;mean_year;Period;N_nests;Exposure
Actitis_hypoleucos;Scolopaci+;Scolopacidae;1;1;0.00497977;1;0.119531702;11.9531702;54.505;-3.051;121;14;1944;Before 2000;33;401.625
Actitis_hypoleucos;Scolopaci+;Scolopacidae;1;2;0.006614694;1;0.155689564;15.5689564;53.403;-1.789;5;4;1978;Before 2000;88;1058.25
Actitis_hypoleucos;Scolopaci+;Scolopacidae;1;3;0.010055304;1;0.227179219;22.7179219;50.195;15.977;105;8;1982;Before 2000;33;397.8
Actitis_macularius;Scolopaci+;Scolopacidae;111;3;0.003164056;1;0.074704633;7.4704633;41.203;-72.119;47;2;1970;Before 2000;22;316.05
Actitis_macularius;Scolopaci+;Scolopacidae;111;5;0.003401361;1;0.080086264;8.0086264;42.995;-87.882;91;1;1944;Before 2000;21;294
Actitis_macularius;Scolopaci+;Scolopacidae;111;2;0.013605442;1;0.285106492;28.5106492;42.34;-82.979;14;1;1947;Before 2000;35;441
Actitis_macularius;Scolopaci+;Scolopacidae;111;1;0.018781924;1;0.371571693;37.1571693;47.112;-94.372;76;15;1982;Before 2000;239;4365.9
Actitis_macularius;Scolopaci+;Scolopacidae;111;4;0.029024943;1;0.514043047;51.4043047;47.336;-95.193;100;3;1971;Before 2000;18;275.625
Actophilornis_africanus;Charadrii;Other;2;1;0.048414428;1;0.717888919;71.7888919;-24.672;28.66;34;9;1984;Before 2000;123;1755.675
Anarhynchus_frontalis;Charadrii;Charadriidae;3;1;0.008381226;1;0.236108467;23.6108467;-43.545;172.186;113;2;1982;Before 2000;58;835.2
Arenaria_interpres;Scolopaci+;Scolopacidae;4;2;0.005720006;1;0.138063326;13.8063326;68.61;171.241;12;9;1976;Before 2000;47;699.3
Bartramia_longicauda;Scolopaci+;Scolopacidae;5;1;0.020294267;1;0.425112936;42.5112936;47.551;-101.002;101;28;1977;Before 2000;608;8278.2
Calidris_alba;Scolopaci+;Scolopacidae;9;1;0.014255168;1;0.354616992;35.4616992;75.728;-99.094;11;2;1968;Before 2000;14;210.45
Calidris_alba;Scolopaci+;Scolopacidae;9;2;0.01914;0;0.45;45;74.478;-20.555;149;4;1997;Before 2000;36;365.8
Calidris_alpina;Scolopaci+;Scolopacidae;10;4;0;1;0;0;58.701;-93.802;56;4;1965;Before 2000;13;195
Calidris_alpina;Scolopaci+;Scolopacidae;10;3;0.01025641;1;0.227199417;22.7199417;70.38;-149.534;73;4;1990;Before 2000;35;487.5
Calidris_alpina;Scolopaci+;Scolopacidae;10;5;0.028070175;1;0.509235967;50.9235967;68.61;171.241;12;9;1976;Before 2000;46;570
Calidris_alpina;Scolopaci+;Scolopacidae;10;1;0.042454813;0;0.66194922;66.194922;57.338;-7.385;125;5;1991;Before 2000;222;2379
Calidris_alpina;Scolopaci+;Scolopacidae;10;2;0.061850444;1;0.79732418;79.732418;55.47;12.97;131;6;1983;Before 2000;203;1972.5
Calidris_bairdii;Scolopaci+;Scolopacidae;11;2;0.010161053;1;0.219777852;21.9777852;68.55;-83.317;120;4;1982;Before 2000;25;492.075
Calidris_canutus;Scolopaci+;Scolopacidae;12;1;0.032608696;0;0.577665401;57.7665401;76.083;98.533;69;3;1991;Before 2000;18;184
Calidris_ferruginea;Scolopaci+;Scolopacidae;13;1;0;1;0;0;75.267;112.467;109;1;1991;Before 2000;25;235
Calidris_himantopus;Scolopaci+;Scolopacidae;15;1;0.008573388;1;0.186694464;18.6694464;58.701;-93.802;56;4;1965;Before 2000;43;583.2
Calidris_himantopus;Scolopaci+;Scolopacidae;15;2;0.013102725;1;0.271336876;27.1336876;70.38;-149.534;73;4;1990;Before 2000;29;381.6
Calidris_maritima;Scolopaci+;Scolopacidae;16;1;0.024981548;1;0.478708676;47.8708676;78.217;15.583;78;3;1994;Before 2000;34;440.325
Calidris_mauri;Scolopaci+;Scolopacidae;17;4;0.011814346;1;0.257043104;25.7043104;61.725;-165.523;70;3;1997;Before 2000;215;2962.5
Calidris_mauri;Scolopaci+;Scolopacidae;17;1;0.02673;0;0.49;49;64.449;-164.977;2;3;1994;Before 2000;126;1071
Calidris_mauri;Scolopaci+;Scolopacidae;17;3;0.033333333;1;0.571531815;57.1531815;68.61;171.241;12;9;1976;Before 2000;20;240
Calidris_mauri;Scolopaci+;Scolopacidae;17;2;0.03373494;1;0.57595993;57.595993;66.098546;-169.845542;137;3;1979;Before 2000;52;622.5
Calidris_melanotos;Scolopaci+;Scolopacidae;18;1;0.01135;1;0.26;26;70.38;-149.534;73;4;1990;Before 2000;123;1762.8
Calidris_melanotos;Scolopaci+;Scolopacidae;18;2;0.026990553;1;0.509042979;50.9042979;68.61;171.241;12;9;1976;Before 2000;23;296.4
Calidris_minutilla;Scolopaci+;Scolopacidae;20;1;0.008169935;1;0.178713935;17.8713935;58.701;-93.802;56;4;1965;Before 2000;56;734.4
Calidris_minutilla;Scolopaci+;Scolopacidae;20;2;0.023700306;1;0.43766427;43.766427;54.017;-132.133;46;5;1986;Before 2000;344;3924
Calidris_ptilocnemis;Scolopaci+;Scolopacidae;21;1;0.015952144;0;0.320187303;32.0187303;66.066;-170.7;137;3;1979;Before 2000;35;501.5
Calidris_pusilla;Scolopaci+;Scolopacidae;22;1;0.010192381;1;0.213961858;21.3961858;70.38;-149.534;73;4;1990;Before 2000;179;2354.7
Calidris_pusilla;Scolopaci+;Scolopacidae;22;2;0.03943284;0;0.611490387;61.1490387;64.449;-164.977;2;3;1994;Before 2000;134;938
Calidris_pusilla;Scolopaci+;Scolopacidae;22;3;0.047281324;1;0.679616641;67.9616641;58.701;-93.802;56;3;1981;Before 2000;213;2220.75
Calidris_ruficollis;Scolopaci+;Scolopacidae;23;1;0.038057417;1;0.628205181;62.8205181;66.134;-169.759;137;3;1979;Before 2000;51;604.35
Calidris_temminckii;Scolopaci+;Scolopacidae;24;2;0.024890482;1;0.464790009;46.4790009;68.61;171.241;12;9;1976;Before 2000;16;200.88
Calidris_temminckii;Scolopaci+;Scolopacidae;24;1;0.025721389;0;0.475986378;47.5986378;65.021;24.72;16;19;1992;Before 2000;424;4642.56
Calidris_temminckii;Scolopaci+;Scolopacidae;24;3;0.074576271;0;0.85369888;85.369888;67.025;-174.142;15;3;1987;Before 2000;19;147.5
Calidris_tenuirostris;Scolopaci+;Scolopacidae;25;1;0.029360492;1;0.538518623;53.8518623;64.844;178.314;6;3;1994;Before 2000;13;136.2375
Catoptrophorus_semipalmatus;Scolopaci+;Scolopacidae;26;1;0.02750191;1;0.535548018;53.5548018;47.551;-101.002;101;28;1977;Before 2000;77;981.75
Charadrius_alexandrinus;Charadrii;Charadriidae;45;1;0.036695267;1;0.66182062;66.182062;46.667;19.167;90;2;1991;Before 2000;58;926.55
Charadrius_alexandrinus;Charadrii;Charadriidae;45;2;0.052760505;1;0.792348951;79.2348951;41.687;12.375;25;4;1992;Before 2000;45;530.7
Charadrius_bicinctus;Charadrii;Charadriidae;47;2;0.011579818;1;0.303069073;30.3069073;-43.545;172.186;113;2;1982;Before 2000;127;1813.5
Charadrius_bicinctus;Charadrii;Charadriidae;47;1;0.012288787;1;0.318400105;31.8400105;-44.333;170.194;104;3;1999;Before 2000;39;651
Charadrius_dubius;Charadrii;Charadriidae;48;3;0;1;0;0;50.195;15.977;105;10;1982;Before 2000;40;487.35
Charadrius_hiaticula;Charadrii;Charadriidae;50;5;0.022321429;1;0.468515379;46.8515379;68.61;171.241;12;9;1976;Before 2000;19;268.8
Charadrius_hiaticula;Charadrii;Charadriidae;50;3;0.030482642;0;0.579702803;57.9702803;55.667;-1.833;75;2;1975;Before 2000;111;1181
Charadrius_hiaticula;Charadrii;Charadriidae;50;2;0.032967033;0;0.608838741;60.8838741;72.233;-23.917;88;1;1974;Before 2000;13;182
Charadrius_hiaticula;Charadrii;Charadriidae;50;1;0.051154369;0;0.770133466;77.0133466;57.338;-7.385;125;5;1991;Before 2000;183;2209
Charadrius_hiaticula;Charadrii;Charadriidae;50;4;0.163616792;0;0.993280321;99.3280321;56.76;-2.418;31;2;1975;Before 2000;82;464.5
Charadrius_melodus;Charadrii;Charadriidae;52;2;0.051523298;1;0.805988845;80.5988845;52.617;-109.983;44;2;1996;Before 2000;36;446.4
Charadrius_montanus;Charadrii;Charadriidae;54;1;0.027223902;1;0.580814682;58.0814682;47.8;-108.017;103;6;1998;Before 2000;584;8779.05
Charadrius_nivosus;Charadrii;Charadriidae;55;4;0.032971562;1;0.62178554;62.178554;36.727;-121.796;93;7;1987;Before 2000;690;8734.8
Charadrius_nivosus;Charadrii;Charadriidae;55;3;0.042875388;1;0.71940105;71.940105;41.083;-112.117;48;4;1991;Before 2000;359;4384.8
Charadrius_nivosus;Charadrii;Charadriidae;55;2;0.062318239;1;0.845257861;84.5257861;26.267;-97.367;74;2;1995;Before 2000;67;722.1
Charadrius_obscurus;Charadrii;Charadriidae;46;1;0.018621974;1;0.462227148;46.2227148;-37.557;176.058;85;8;1995;Before 2000;261;5316.3
Charadrius_semipalmatus;Charadrii;Charadriidae;61;1;0;1;0;0;58.695;-94.082;56;4;1965;Before 2000;15;243.6
Charadrius_semipalmatus;Charadrii;Charadriidae;61;2;0.019569472;1;0.424995663;42.4995663;54.017;-132.133;46;5;1986;Before 2000;47;613.2
Charadrius_vociferus;Charadrii;Charadriidae;63;1;0.016444258;1;0.377110766;37.7110766;47.551;-101.002;101;28;1977;Before 2000;128;1824.345
Charadrius_wilsonia;Charadrii;Charadriidae;64;3;0.015584416;0;0.3507556;35.07556;28.164;-96.741;84;1;1980;Before 2000;26;385
Charadrius_wilsonia;Charadrii;Charadriidae;64;2;0.039130435;0;0.666364668;66.6364668;26.267;-97.367;74;1;1979;Before 2000;20;230
Chionis_albus;Charadrii;Other;65;1;0.009827044;1;0.27095567;27.095567;-62.168;-58.693;68;3;1988;Before 2000;29;508.8
Coenocorypha_aucklandica;Scolopaci+;Scolopacidae;27;1;0;1;0;0;-48.03333;166.6;123;6;1984;Before 2000;40;842.4
Eudromias_morinellus;Charadrii;Charadriidae;29;1;0.025376685;0;0.525466264;52.5466264;60.383;7.633;50;7;1982;Before 2000;53;630.5
Eurynorhynchus_pygmeus;Scolopaci+;Scolopacidae;30;1;0.04057971;1;0.614339935;61.4339935;68.61;171.241;12;9;1976;Before 2000;16;172.5
Gallinago_delicata;Scolopaci+;Scolopacidae;31;1;0.024743726;1;0.438006465;43.8006465;47.551;-101.002;101;28;1977;Before 2000;24;282.9
Gallinago_gallinago;Scolopaci+;Scolopacidae;32;1;0.006;0;0.129263317;12.9263317;52.308;5.526;134;10;1979;Before 2000;500;6000
Glareola_nuchalis;Scolopaci+;Other;33;2;0.051948052;0;0.673806852;67.3806852;-17.836;25.709;95;1;1987;Before 2000;12;77
Glareola_nuchalis;Scolopaci+;Other;33;1;0.056216931;1;0.703301179;70.3301179;0.499;12.812;96;9;1974;Before 2000;36;302.4
Haematopus_fuliginosus;Charadrii;Other;37;1;0.029761905;1;0.570865891;57.0865891;-40.094;148.088;45;2;1988;Before 2000;65;873.6
Haematopus_longirostris;Charadrii;Other;39;1;0.020215633;1;0.435512725;43.5512725;-40.094;148.088;45;2;1988;Before 2000;31;445.2
Haematopus_moquini;Charadrii;Other;40;2;0;1;0;0;-34.46;20.552;33;6;1986;Before 2000;19;266
Haematopus_ostralegus;Charadrii;Other;36;5;0.011138959;1;0.273300077;27.3300077;-43.545;172.186;113;2;1982;Before 2000;13;179.55
Haematopus_ostralegus;Charadrii;Other;36;2;0.011251758;0;0.275658877;27.5658877;57.338;-7.385;125;2;1996;Before 2000;86;1422
Haematopus_ostralegus;Charadrii;Other;36;1;0.014;0;0.330898389;33.0898389;52.308;5.526;134;10;1979;Before 2000;500;6500
Haematopus_ostralegus;Charadrii;Other;36;4;0.019746336;1;0.43356964;43.356964;46.391;32.033;71;7;1987;Before 2000;90;1316.7
Himantopus_himantopus;Charadrii;Other;43;2;0.007065889;1;0.178624123;17.8624123;-43.545;172.186;113;2;1982;Before 2000;13;141.525
Himantopus_himantopus;Charadrii;Other;43;1;0.020334536;0;0.43453087;43.453087;36.95;-6.233;35;2;1990;Before 2000;233;3049
Himantopus_novaezelandiae;Charadrii;Other;44;1;0.038095238;1;0.656337572;65.6337572;-43.862;170.45;24;3;1978;Before 2000;27;288.75
Jacana_jacana;Scolopaci+;Other;66;1;0.006613757;1;0.191312876;19.1312876;6.464;-57.76;19;1;1977;Before 2000;34;604.8
Jacana_spinosa;Scolopaci+;Other;67;1;0.045155993;1;0.772051024;77.2051024;10.27;-85.225;36;2;1980;Before 2000;148;1948.8
Limnodromus_scolopaceus;Scolopaci+;Scolopacidae;70;1;0.013302295;1;0.277288664;27.7288664;70.38;-149.534;73;4;1990;Before 2000;17;225.525
Limnodromus_scolopaceus;Scolopaci+;Scolopacidae;70;2;0.042955327;1;0.655169156;65.5169156;68.61;171.241;12;9;1976;Before 2000;21;232.8
Limosa_fedoa;Scolopaci+;Scolopacidae;71;1;0.022429262;1;0.470154299;47.0154299;47.551;-101.002;101;28;1977;Before 2000;43;579.6
Limosa_haemastica;Scolopaci+;Scolopacidae;72;1;0.00537;1;0.14;14;58.701;-93.802;56;4;1965;Before 2000;12;186.3
Limosa_lapponica;Scolopaci+;Scolopacidae;73;1;0.015540016;1;0.32134011;32.134011;69;24;66;3;1988;Before 2000;15;193.05
Limosa_limosa;Scolopaci+;Scolopacidae;74;1;0.011;0;0.25817772;25.817772;52.308;5.526;134;10;1979;Before 2000;5000;70000
Limosa_limosa;Scolopaci+;Scolopacidae;74;2;0.0255947;1;0.503441743;50.3441743;52.517;4.783;146;4;1985;Before 2000;420;5313.6
Metopidius_indicus;Scolopaci+;Other;75;1;0.056638348;1;0.815639308;81.5639308;9.183;77.383;144;3;1996;Before 2000;20;300.15
Numenius_americanus;Scolopaci+;Scolopacidae;76;1;0.024054983;0;0.552248979;55.2248979;43.868;-116.733;89;3;1978;Before 2000;119;1746
Numenius_arquata;Scolopaci+;Scolopacidae;77;5;0.002435065;0;0.079101603;7.9101603;63.083;22.933;65;3;1996;Before 2000;66;1232
Numenius_arquata;Scolopaci+;Scolopacidae;77;6;0.024955437;0;0.574375206;57.4375206;59.817;16.55;143;3;1988;Before 2000;113;1683
Numenius_arquata;Scolopaci+;Scolopacidae;77;3;0.048401037;0;0.813042088;81.3042088;54.303;-7.616;79;2;1994;Before 2000;170;1735.5
Numenius_arquata;Scolopaci+;Scolopacidae;77;4;0.051593323;0;0.833114896;83.3114896;61.367;22.833;139;3;1996;Before 2000;53;659
Numenius_arquata;Scolopaci+;Scolopacidae;77;2;0.07000307;0;0.913964993;91.3964993;54.821;-6.058;8;3;1993;Before 2000;191;1628.5
Numenius_arquata;Scolopaci+;Scolopacidae;77;1;0.052596976;1;0.838981745;83.89817447;53.053;-3.633;51;2;1984;Before 2000;35;456.3
Numenius_phaeopus;Scolopaci+;Scolopacidae;79;3;0.011730205;0;0.289784519;28.9784519;67.733;29.617;141;8;1974;Before 2000;29;341
Numenius_phaeopus;Scolopaci+;Scolopacidae;79;2;0.014397121;0;0.343315229;34.3315229;58.701;-93.802;56;2;1973;Before 2000;55;833.5
Numenius_phaeopus;Scolopaci+;Scolopacidae;79;1;0.084505568;0;0.922729181;92.2729181;69;24;66;3;1988;Before 2000;20;234.9
Phalaropus_fulicarius;Scolopaci+;Scolopacidae;80;1;0.009746589;1;0.20013496;20.013496;70.38;-149.534;73;4;1990;Before 2000;56;718.2
Phalaropus_fulicarius;Scolopaci+;Scolopacidae;80;2;0.042641326;1;0.629743553;62.9743553;68.61;171.241;12;9;1976;Before 2000;93;984.96
Phalaropus_lobatus;Scolopaci+;Scolopacidae;81;3;0.035087719;1;0.552311168;55.2311168;68.61;171.241;12;9;1976;Before 2000;47;513
Philomachus_pugnax;Scolopaci+;Scolopacidae;82;1;0.001;0;0.025190058;2.5190058;52.308;5.526;134;10;1979;Before 2000;50;750
Philomachus_pugnax;Scolopaci+;Scolopacidae;82;2;0.027728263;1;0.511813949;51.1813949;68.61;171.241;12;9;1976;Before 2000;40;504.9
Pluvialis_apricaria;Charadrii;Charadriidae;83;1;0.054878049;0;0.857330602;85.7330602;60.383;7.633;50;7;1982;Before 2000;51;492
Pluvialis_dominica;Charadrii;Charadriidae;84;1;0.023852117;1;0.540930286;54.0930286;70.38;-149.534;73;4;1990;Before 2000;24;377.325
Pluvialis_squatarola;Charadrii;Charadriidae;86;3;0.005942653;1;0.17241388;17.241388;68.61;171.241;12;9;1976;Before 2000;28;504.825
Pluvialis_squatarola;Charadrii;Charadriidae;86;1;0.014316392;1;0.367345343;36.7345343;70.38;-149.534;73;4;1990;Before 2000;25;419.1
Recurvirostra_avosetta;Charadrii;Other;89;1;0.005;0;0.129639172;12.9639172;52.308;5.526;134;10;1979;Before 2000;500;6500
Recurvirostra_avosetta;Charadrii;Other;89;3;0.015260116;0;0.346859923;34.6859923;36.95;-6.233;35;2;1990;Before 2000;163;2162.5
Rhinoptilus_africanus;Scolopaci+;Other;90;1;0.005;0;0.122190858;12.2190858;-29.117;20.317;37;4;1994;Before 2000;12;199.5
Rhinoptilus_africanus;Scolopaci+;Other;90;2;0.0084;0;0.196937271;19.6937271;-25.44;20.903;63;2;1964;Before 2000;45;475
Scolopax_rusticola;Scolopaci+;Scolopacidae;93;1;0.02;0;0.412178061;41.2178061;54.285;-2.691;40;44;1967;Before 2000;277;1370
Steganopus_tricolor;Scolopaci+;Scolopacidae;94;1;0.025990903;1;0.508864472;50.8864472;47.551;-101.002;101;28;1977;Before 2000;129;1692.9
Steganopus_tricolor;Scolopaci+;Scolopacidae;94;2;0.092592593;1;0.927445785;92.7445785;47.606;-101.185;9;1;1975;Before 2000;23;194.4
Thinornis_novaeseelandiae;Charadrii;Charadriidae;95;1;0;1;0;0;-44.347;-176.175;114;2;1984;Before 2000;53;928.29
Thinornis_rubricollis;Charadrii;Charadriidae;96;2;0.011264721;1;0.288129633;28.8129633;-38.388;144.786;94;7;1994;Before 2000;149;1953
Thinornis_rubricollis;Charadrii;Charadriidae;96;1;0.042270531;1;0.726293245;72.6293245;-38.48;145.224;107;5;1994;Before 2000;70;828
Tringa_erythropus;Scolopaci+;Scolopacidae;97;1;0.008580009;1;0.212681608;21.2681608;68.61;171.241;12;9;1976;Before 2000;15;233.1
Tringa_glareola;Scolopaci+;Scolopacidae;98;2;0.005204945;1;0.129154976;12.9154976;61.713;132.077;148;5;1980;Before 2000;17;192.125
Tringa_glareola;Scolopaci+;Scolopacidae;98;1;0.01986755;0;0.412447938;41.2447938;67.733;29.617;141;18;1979;Before 2000;18;151
Tringa_nebularia;Scolopaci+;Scolopacidae;99;1;0.01812;1;0.4;40;58.533;-4.232;102;18;1992;Before 2000;24;275.925
Tringa_stagnatilis;Scolopaci+;Scolopacidae;100;1;0.005128205;1;0.125126861;12.5126861;61.713;132.077;148;1;1982;Before 2000;33;390
Tringa_totanus;Scolopaci+;Scolopacidae;101;1;0.007;0;0.177110263;17.7110263;52.308;5.526;134;10;1979;Before 2000;500;7000
Tringa_totanus;Scolopaci+;Scolopacidae;101;4;0.008095411;0;0.201932332;20.1932332;57.126;12.237;140;2;1986;Before 2000;35;700
Tringa_totanus;Scolopaci+;Scolopacidae;101;2;0.02345679;0;0.482466886;48.2466886;57.338;-7.385;125;3;1986;Before 2000;57;810
Tryngites_subruficollis;Scolopaci+;Scolopacidae;102;1;0.01610306;1;0.354881536;35.4881536;70.38;-149.534;73;4;1990;Before 2000;26;372.6
Vanellus_coronatus;Charadrii;Charadriidae;104;1;0;1;0;0;-17.799;31.021;49;1;1977;Before 2000;25;470.4
Vanellus_miles;Charadrii;Charadriidae;107;2;0.007239;1;0.224530408;22.4530408;-46.419;168.288;60;5;1967;Before 2000;263;4420.5
Vanellus_miles;Charadrii;Charadriidae;107;3;0.042016807;1;0.777399494;77.7399494;-27.536;152.92;108;2;1989;Before 2000;26;357
Vanellus_vanellus;Charadrii;Charadriidae;109;5;0.00488;0;0.140711303;14.0711303;59.95;16.283;142;3;1989;Before 2000;852;12746
Vanellus_vanellus;Charadrii;Charadriidae;109;4;0.005433727;0;0.155410733;15.5410733;57.592;11.976;99;4;1988;Before 2000;132;2259.9
Vanellus_vanellus;Charadrii;Charadriidae;109;3;0.013;0;0.333451535;33.3451535;52.308;5.526;134;10;1979;Before 2000;5000;65000
Vanellus_vanellus;Charadrii;Charadriidae;109;17;0.0140639;0;0.355368051;35.5368051;57.126;12.237;140;2;1986;Before 2000;54;1020
Vanellus_vanellus;Charadrii;Charadriidae;109;1;0.0224388;0;0.50516247;50.516247;54.575;-2.411;38;3;1986;Before 2000;718;9644.1
Vanellus_vanellus;Charadrii;Charadriidae;109;2;0.02252;0;0.51;51;49.115;14.268;26;10;1993;Before 2000;375;6883
Vanellus_vanellus;Charadrii;Charadriidae;109;8;0.02496773;0;0.543344519;54.3344519;51.385;0.805;39;1;1997;Before 2000;86;860
Vanellus_vanellus;Charadrii;Charadriidae;109;15;0.032118419;1;0.63651292;63.651292;53.053;-3.633;51;2;1984;Before 2000;152;2148.3
Vanellus_vanellus;Charadrii;Charadriidae;109;9;0.033057851;0;0.647292062;64.7292062;57.338;-7.385;125;2;1996;Before 2000;169;1815
Vanellus_vanellus;Charadrii;Charadriidae;109;7;0.03437;0;0.661831426;66.1831426;57.009;-4.164;32;3;1985;Before 2000;247;4324
Vanellus_vanellus;Charadrii;Charadriidae;109;18;0.043468314;1;0.747837679;74.7837679;49.589;13.069;52;4;1994;Before 2000;35;437.1
Xenus_cinereus;Scolopaci+;Scolopacidae;110;1;0.005291005;1;0.133450816;13.3450816;61.713;132.077;148;1;1982;Before 2000;15;189
Arenaria_interpres;Scolopaci+;Scolopacidae;4;1;0.033476805;0;0.586002165;58.6002165;64.017;-81.783;126;4;2001;After 2000;97;1045.5
Burhinus_oedicnemus;Charadrii;Other;6;2;0.014014014;1;0.316859487;31.6859487;27.683;65.233;98;3;2000;After 2000;105;1498.5
Burhinus_oedicnemus;Charadrii;Other;6;1;0.033916701;1;0.606093168;60.6093168;51.195;-1.903;116;2;2004;After 2000;122;1474.2
Burhinus_vermiculatus;Charadrii;Other;7;1;0.012524602;1;0.288443025;28.8443025;-30.972;30.282;97;3;2002;After 2000;27;558.9
Calidris_acuminata;Scolopaci+;Scolopacidae;8;1;0.129032258;0;0.972454299;97.2454299;72.906;106.104;80;12;2006;After 2000;15;77.5
Calidris_alba;Scolopaci+;Scolopacidae;9;2;0.044367759;0;0.749464544;74.9464544;74.478;-20.555;149;6;2003;After 2000;38;405.7
Calidris_alpina;Scolopaci+;Scolopacidae;10;6;0.015267176;0;0.319292766;31.9292766;73.079;80.654;86;1;2002;After 2000;27;393
Calidris_alpina;Scolopaci+;Scolopacidae;10;4;0.016852039;0;0.346159121;34.6159121;58.701;-93.802;56;4;2012;After 2000;114;1483.5
Calidris_bairdii;Scolopaci+;Scolopacidae;11;3;0.04826546;0;0.699437573;69.9437573;73.2;-80;21;10;2009;After 2000;160;1657.5
Calidris_bairdii;Scolopaci+;Scolopacidae;11;1;0.072965006;1;0.841351519;84.1351519;72.883;-78.917;111;2;2006;After 2000;37;342.63
Calidris_ferruginea;Scolopaci+;Scolopacidae;13;2;0.01948052;0;0.38486733;38.486733;73.079;80.654;86;1;2002;After 2000;12;154
Calidris_fuscicollis;Scolopaci+;Scolopacidae;14;2;0.054393305;0;0.766399379;76.6399379;69.4;-81.6;57;2;2013;After 2000;23;239
Calidris_fuscicollis;Scolopaci+;Scolopacidae;14;1;0.074786325;1;0.86747643;86.747643;72.883;-78.917;111;2;2007;After 2000;20;187.2
Calidris_himantopus;Scolopaci+;Scolopacidae;15;3;0.034482759;0;0.56923461;56.923461;70.1;-145.8;22;5;2012;After 2000;17;174
Calidris_mauri;Scolopaci+;Scolopacidae;17;5;0.045612009;0;0.688739402;68.8739402;67.1;-163.5;23;5;2012;After 2000;157;1732
Calidris_mauri;Scolopaci+;Scolopacidae;17;1;0.05;0;0.72;72;64.449;-164.977;2;3;2013;After 2000;196;2280
Calidris_melanotos;Scolopaci+;Scolopacidae;18;3;0.045454546;0;0.701659673;70.1659673;73.2;-80;21;6;2011;After 2000;13;110
Calidris_melanotos;Scolopaci+;Scolopacidae;18;1;0.05128;1;0.75;75;70.38;-149.534;73;2;2011;After 2000;18;195
Calidris_melanotos;Scolopaci+;Scolopacidae;18;4;0.208604954;0;0.997718468;99.7718468;72.906;106.104;80;2;2013;After 2000;88;383.5
Calidris_minuta;Scolopaci+;Scolopacidae;19;1;0.019525802;0;0.383140654;38.3140654;73.079;80.654;86;1;2002;After 2000;126;1434
Calidris_minuta;Scolopaci+;Scolopacidae;19;2;0.114942529;0;0.949788745;94.9788745;72.906;106.104;80;2;2013;After 2000;17;87
Calidris_pusilla;Scolopaci+;Scolopacidae;22;1;0.008849558;0;0.188515721;18.8515721;70.38;-149.534;73;1;2013;After 2000;17;226
Calidris_pusilla;Scolopaci+;Scolopacidae;22;5;0.021274109;0;0.396697233;39.6697233;70.4;-150.7;28;4;2012;After 2000;327;4277.5
Calidris_pusilla;Scolopaci+;Scolopacidae;22;6;0.041516246;0;0.630816932;63.0816932;70.6;-154.7;58;4;2012;After 2000;203;2216
Calidris_pusilla;Scolopaci+;Scolopacidae;22;4;0.08411215;0;0.873148969;87.3148969;69.4;-81.6;57;2;2013;After 2000;15;107
Calidris_temminckii;Scolopaci+;Scolopacidae;24;1;0.038727902;1;0.624517981;62.4517981;65.021;24.72;16;4;2004;After 2000;76;877.92
Charadrius_alexandrinus;Charadrii;Charadriidae;45;6;0.033333333;1;0.6258674;62.58674;15.2;-23.168;83;9;2011;After 2000;542;6960
Charadrius_alexandrinus;Charadrii;Charadriidae;45;4;0.047768324;1;0.758155561;75.8155561;24.258;54.604;3;2;2005;After 2000;239;2679.6
Charadrius_alexandrinus;Charadrii;Charadriidae;45;3;0.073891626;1;0.892057486;89.2057486;27.065;49.484;61;1;2015;After 2000;12;121.8
Charadrius_alexandrinus;Charadrii;Charadriidae;45;5;0.079653156;1;0.909927069;90.9927069;16.681;42.114;42;3;2008;After 2000;196;1983.6
Charadrius_dubius;Charadrii;Charadriidae;48;1;0.027027027;0;0.541992979;54.1992979;49.0343;14.799;135;5;2001;After 2000;73;740
Charadrius_falklandicus;Charadrii;Charadriidae;49;1;0.007539042;0;0.194004166;19.4004166;-42.729;-65.036;110;2;2014;After 2000;75;928.5
Charadrius_marginatus;Charadrii;Charadriidae;51;1;0.03968254;1;0.678178462;67.8178462;-22.095;43.269;7;8;2011;After 2000;341;5443.2
Charadrius_melodus;Charadrii;Charadriidae;52;3;0.01684156;1;0.409351822;40.9351822;50.433;-106.667;53;3;2003;After 2000;149;2315.7
Charadrius_melodus;Charadrii;Charadriidae;52;1;0.020904528;1;0.480511055;48.0511055;42.765;-97.062;92;3;2006;After 2000;550;7988.7
Charadrius_mongolus;Charadrii;Charadriidae;53;1;0.021786492;0;0.442182841;44.2182841;62.543;177.076;87;8;2012;After 2000;67;918
Charadrius_nivosus;Charadrii;Charadriidae;55;5;0.013688257;1;0.329479734;32.9479734;23.9;-106.95;27;10;2011;After 2000;731;10300.8
Charadrius_nivosus;Charadrii;Charadriidae;55;1;0.041828198;1;0.710360235;71.0360235;37.587;-122.118;1;2;2009;After 2000;247;2940.6
Charadrius_pecuarius;Charadrii;Charadriidae;56;1;0.035238795;1;0.613521334;61.3521334;-22.095;43.269;7;8;2011;After 2000;829;12855.15
Charadrius_peronii;Charadrii;Charadriidae;57;1;0.020913771;1;0.446667241;44.6667241;12.197;99.993;67;2;2004;After 2000;99;1243.2
Charadrius_placidus;Charadrii;Charadriidae;58;1;0.037481259;1;0.669731898;66.9731898;35.741;139.317;133;4;2004;After 2000;31;400.2
Charadrius_ruficapillus;Charadrii;Charadriidae;59;1;0.075091575;1;0.887600445;88.7600445;-37.885;144.799;55;1;2012;After 2000;62;546
Charadrius_sanctaehelenae;Charadrii;Charadriidae;60;1;0.051520608;1;0.772604862;77.2604862;-15.967;-5.717;128;2;2007;After 2000;173;1999.2
Charadrius_thoracicus;Charadrii;Charadriidae;62;2;0.026340996;1;0.538895198;53.8895198;-24.145;43.829;136;1;2004;After 2000;74;835.2
Charadrius_thoracicus;Charadrii;Charadriidae;62;1;0.02765051;1;0.556545235;55.6545235;-22.095;43.269;7;11;2009;After 2000;522;9330.75
Charadrius_wilsonia;Charadrii;Charadriidae;64;1;0.047979798;1;0.74131603;74.131603;18.062;-63.046;129;1;2004;After 2000;35;396
Cursorius_cursor;Scolopaci+;Other;28;1;0.046296296;1;0.655806189;65.5806189;15.2;-23.168;83;2;2014;After 2000;21;216
Gallinago_gallinago;Scolopaci+;Scolopacidae;32;2;0.006324111;1;0.135770075;13.5770075;54.719;20.738;64;5;2001;After 2000;32;316.25
Gallinago_gallinago;Scolopaci+;Scolopacidae;32;3;0.010869565;1;0.222264372;22.2264372;53.709;27.953;145;2;2000;After 2000;19;184
Glareola_pratincola;Scolopaci+;Other;34;1;0.007910141;1;0.153608644;15.3608644;33.866;-7.063;112;2;2003;After 2000;215;1896.3
Haematopus_bachmani;Charadrii;Other;35;1;0.017841213;1;0.401342219;40.1342219;58.508;-135.93;13;2;2004;After 2000;86;1008.9
Haematopus_chathamensis;Charadrii;Other;38;1;0.009819211;1;0.248860869;24.8860869;-43.784;-176.562;54;3;2000;After 2000;118;1731.3
Haematopus_moquini;Charadrii;Other;40;1;0.013661202;1;0.319651765;31.9651765;-33.806;18.369;115;1;2001;After 2000;68;1024.8
Haematopus_ostralegus;Charadrii;Other;36;3;0.120879121;0;0.97456774;97.456774;56.264;16.445;124;1;2004;After 2000;25;182
Haematopus_palliatus;Charadrii;Other;41;2;0.029813665;1;0.581123821;58.1123821;-24.859;-47.726;119;4;2006;After 2000;22;301.875
Haematopus_palliatus;Charadrii;Other;41;1;0.03117506;0;0.59769756;59.769756;30.865;-81.45;29;2;2003;After 2000;30;417
Haematopus_unicolor;Charadrii;Other;42;1;0.007936508;1;0.199972159;19.9972159;-36.676;174.746;77;4;2008;After 2000;16;252
Limicola_falcinellus;Scolopaci+;Scolopacidae;68;1;0.041172596;1;0.654829965;65.4829965;72.906;106.104;80;12;2006;After 2000;16;242.88
Limnodromus_griseus;Scolopaci+;Scolopacidae;69;1;0.020833333;0;0.409233971;40.9233971;58.701;-93.802;56;3;2013;After 2000;22;240
Limnodromus_scolopaceus;Scolopaci+;Scolopacidae;70;3;0.033212996;0;0.559169142;55.9169142;71.3;-156.6;10;8;2011;After 2000;171;2077.5
Limnodromus_scolopaceus;Scolopaci+;Scolopacidae;70;4;0.081632653;0;0.873191455;87.3191455;70.6;-154.7;58;3;2012;After 2000;22;196
Limosa_haemastica;Scolopaci+;Scolopacidae;72;1;0.03397;0;0.61;61;58.701;-93.802;56;3;2013;After 2000;21;235.5
Limosa_limosa;Scolopaci+;Scolopacidae;74;3;0.127;0;0.974450372;97.4450372;52.293;106.501;122;1;2002;After 2000;21;110
Numenius_madagascariensis;Scolopaci+;Scolopacidae;78;1;0.015571473;1;0.411663719;41.1663719;49.397;129.908;18;10;2002;After 2000;22;321.1
Numenius_phaeopus;Scolopaci+;Scolopacidae;79;5;0.034782609;0;0.641797169;64.1797169;55.2;-84.3;20;3;2013;After 2000;30;287.5
Numenius_phaeopus;Scolopaci+;Scolopacidae;79;4;0.049666525;1;0.771753148;77.1753148;63.764;-20.068;127;2;2009;After 2000;59;704.7
Numenius_phaeopus;Scolopaci+;Scolopacidae;79;2;0.049949376;0;0.773715043;77.3715043;58.701;-93.802;56;4;2012;After 2000;138;1481.5
Phalaropus_fulicarius;Scolopaci+;Scolopacidae;80;3;0.056876061;0;0.736871481;73.6871481;70.1;-145.8;22;5;2012;After 2000;139;1178
Phalaropus_lobatus;Scolopaci+;Scolopacidae;81;2;0.022059;0;0.394610729;39.4610729;64.79;177.637;138;1;2015;After 2000;27;272
Phalaropus_lobatus;Scolopaci+;Scolopacidae;81;5;0.03125;0;0.510487711;51.0487711;70.38;-149.534;73;2;2011;After 2000;13;128
Phalaropus_lobatus;Scolopaci+;Scolopacidae;81;4;0.031531532;0;0.513678553;51.3678553;67.1;-163.5;23;3;2011;After 2000;35;444
Phalaropus_lobatus;Scolopaci+;Scolopacidae;81;1;0.060560933;0;0.754786786;75.4786786;69.045;-135.048;82;6;2011;After 2000;122;1007.25
Philomachus_pugnax;Scolopaci+;Scolopacidae;82;3;0.103174603;0;0.937762605;93.7762605;72.906;106.104;80;2;2013;After 2000;37;252
Pluvialis_dominica;Charadrii;Charadriidae;84;3;0.010568032;0;0.290101094;29.0101094;58.701;-93.802;56;3;2013;After 2000;29;378.5
Pluvialis_dominica;Charadrii;Charadriidae;84;2;0.017777778;0;0.439256023;43.9256023;71.3;-156.6;10;6;2005;After 2000;53;900
Pluvialis_dominica;Charadrii;Charadriidae;84;4;0.064653858;0;0.88415999;88.415999;73.2;-80;21;9;2009;After 2000;176;1639.5
Pluvialis_fulva;Charadrii;Charadriidae;85;2;0.023872679;0;0.552193827;55.2193827;73.079;80.654;86;1;2002;After 2000;23;377
Pluvialis_fulva;Charadrii;Charadriidae;85;1;0.029118774;0;0.625654229;62.5654229;62.543;177.076;87;8;2012;After 2000;57;652.5
Pluvialis_fulva;Charadrii;Charadriidae;85;3;0.121212121;0;0.986381009;98.6381009;72.906;106.104;80;2;2013;After 2000;16;115.5
Pluvialis_squatarola;Charadrii;Charadriidae;86;4;0.009237875;0;0.255219465;25.5219465;70.4;-150.7;28;4;2012;After 2000;21;433
Pluvialis_squatarola;Charadrii;Charadriidae;86;2;0.014998125;1;0.381091335;38.1091335;71.333;-179.5;147;1;2007;After 2000;16;266.7
Pluvianellus_socialis;Charadrii;Other;87;1;0.0154;0;0.342318768;34.2318768;-51.23;-69.494;118;1;2006;After 2000;17;259.74
Recurvirostra_americana;Charadrii;Other;88;1;0.056874502;1;0.807068756;80.7068756;37.433;-121.967;117;2;2006;After 2000;56;615.39
Rostratula_benghalensis;Scolopaci+;Other;91;1;0.009995003;1;0.20629357;20.629357;24.717;121.717;59;1;2005;After 2000;17;200.1
Scolopax_minor;Scolopaci+;Scolopacidae;92;1;0.018744143;1;0.367995952;36.7995952;40.525;-76.464;132;2;2009;After 2000;13;160.05
Tringa_nebularia;Scolopaci+;Scolopacidae;99;1;0.02692;1;0.54;54;58.533;-4.232;102;7;2004;After 2000;27;297.15
Tringa_totanus;Scolopaci+;Scolopacidae;101;3;0.07366985;0;0.880394558;88.0394558;56.264;16.445;124;1;2004;After 2000;40;366.5
Tryngites_subruficollis;Scolopaci+;Scolopacidae;102;2;0.015037594;0;0.335751356;33.5751356;71.3;-156.6;10;1;2006;After 2000;19;266
Tryngites_subruficollis;Scolopaci+;Scolopacidae;102;3;0.049180328;0;0.74375802;74.375802;70.1;-145.8;22;3;2012;After 2000;15;183
Vanellus_chilensis;Charadrii;Charadriidae;106;2;0;0;0;0;-25.45;-49.217;30;3;2013;After 2000;50;1399
Vanellus_chilensis;Charadrii;Charadriidae;106;1;0.0234;0;0.531256738;53.1256738;-15.815;-47.879;17;1;2007;After 2000;36;639
Vanellus_cinereus;Charadrii;Charadriidae;103;1;0.015114522;1;0.371558453;37.1558453;36.293;136.311;62;2;2004;After 2000;70;860.1
Vanellus_gregarius;Charadrii;Charadriidae;105;1;0.025427275;0;0.513817771;51.3817771;50.583;70.017;72;10;2009;After 2000;971;12427.6
Vanellus_gregarius;Charadrii;Charadriidae;105;2;0.04353562;1;0.712441357;71.2441357;53.173;76.047;106;1;2007;After 2000;130;1516
Vanellus_miles;Charadrii;Charadriidae;107;1;0.002240896;1;0.075515859;7.5515859;-38.48;145.224;107;1;2010;After 2000;32;1338.75
Vanellus_spinosus;Charadrii;Charadriidae;108;1;0.00410509;1;0.108793487;10.8793487;40.794;26.072;41;1;2003;After 2000;39;487.2
Vanellus_vanellus;Charadrii;Charadriidae;109;12;0.023853469;0;0.526886362;52.6886362;53.523;8.398;130;5;2003;After 2000;245;2705
Vanellus_vanellus;Charadrii;Charadriidae;109;10;0.027;0;0.571946504;57.1946504;53.184;-3.114;43;2;2003;After 2000;241;2410
Vanellus_vanellus;Charadrii;Charadriidae;109;14;0.02977496;0;0.608215865;60.8215865;54.354;9.357;4;4;2000;After 2000;179;1731
Vanellus_vanellus;Charadrii;Charadriidae;109;2;0.034056282;0;0.658408946;65.8408946;49.115;14.268;26;8;2006;After 2000;505;6694.8
Vanellus_vanellus;Charadrii;Charadriidae;109;11;0.050808314;0;0.801403454;80.1403454;56.264;16.445;124;1;2004;After 2000;74;866
Vanellus_vanellus;Charadrii;Charadriidae;109;16;0.068848147;1;0.890444077;89.0444077;47.444;9.698;81;1;2008;After 2000;123;1292.7
